{"cameraMode":{"drawMode":0,"name":"Shaded","section":"Shading Mode"},"sceneLighting":false,"audioPlay":false,"sceneViewState":{"m_AlwaysRefresh":false,"showFog":true,"showSkybox":false,"showFlares":true,"showImageEffects":true,"showParticleSystems":true,"showVisualEffectGraphs":true,"m_FxEnabled":true},"in2DMode":false,"pivot":{"x":20.860000610351564,"y":10.220000267028809,"z":-43.650001525878909},"rotation":{"x":0.0003556726442184299,"y":-0.9342279434204102,"z":0.3567829132080078,"w":0.0007763646426610649},"size":2.4494898319244386,"orthographic":false}