{"cameraMode":{"drawMode":0,"name":"Shaded","section":"Shading Mode"},"sceneLighting":true,"audioPlay":false,"sceneViewState":{"m_AlwaysRefresh":false,"showFog":true,"showSkybox":false,"showFlares":true,"showImageEffects":true,"showParticleSystems":true,"showVisualEffectGraphs":true,"m_FxEnabled":true},"in2DMode":false,"pivot":{"x":32.093814849853519,"y":-181.617431640625,"z":-128.56723022460938},"rotation":{"x":0.003808083012700081,"y":0.8351812362670898,"z":-0.5499452352523804,"w":0.005790174473077059},"size":120.6209716796875,"orthographic":false}